icode,cat_l1,cat_l1_code,cat_l2,cat_l2_code,updated_at,product_name
2306567,保健/醫療,1200000000,口罩/抗菌/防護,1202800000,2026-10-07 14:05:54,Venture 美國venture八合一多部位熱敷墊
4851301,生鮮,4400000000,冷凍食品,4400300000,2026-10-07 14:08:20,KKLife 起司肉捲10+9條
5494406,日用/紙品,3900000000,除蟲除濕,3900700000,2026-10-07 14:06:52,克潮靈 集水袋除濕盒補充包36入(款式任選)
6702382,彩妝保養,1100000000,專櫃品牌,1114700000,2026-10-07 14:04:39,雪花秀 潤燥養膚精華90ml
7049119,傢飾寢具,4800000000,床墊,4800800000,2026-10-07 14:07:12,SLIM 雙人天絲乳膠記憶膠防蹣獨立筒床墊5x6.2尺x23cm-奢華型
7245470,品牌旗艦,,Bonnie House植享家,2132900000,2026-10-07 14:07:27,植享家 有機認證精油5入組(任選)
7620857,品牌旗艦,,MLB,2156500000,2026-10-07 14:08:17,MLB 可調式棒球帽 洋基/道奇/紅襪/守護者隊(CP77/66/08_多款任選)
7679325,保健/醫療,1200000000,機能保健,1200500000,2026-10-07 14:06:30,船井生醫 極纖錠獨家增量版4盒+夜孅2袋
8045170,彩妝保養,1100000000,專櫃品牌,1114700000,2026-10-07 14:07:08,雅頓 超人氣綠茶香水沐浴膠組3入
8142113,綠色生活,3700000000,健康飲食｜有機天然,3700800000,2026-10-07 14:06:04,白蘭氏雞精 68ml*12入*6盒 共72入▲(含微分子肌 活力充沛 思緒清晰) 白蘭氏雞精 68ml*12入*6盒 共72入▲(含微分子肌 活力充沛 思緒清晰)
9288701,個人清潔,4500000000,牙膏牙刷,4500200000,2026-10-07 14:07:21,舒酸定 專業修復抗敏牙膏8入
9363639,家電,2900000000,洗衣機,2900800000,2026-10-07 14:04:30,國際牌 14公斤洗衣機
9601706,綠色生活,3700000000,日常家用｜低碳生活,3700600000,2026-10-07 14:05:42,ecostore 環保洗碗粉5kg
9688786,品牌旗艦,,舒潔,2131500000,2026-10-07 14:06:42,Kotex 靠得住 晚安好眠褲/日用懶人褲 M-XL(多款選)
9835777,餐廚用品,1700000000,鍋具,1716800000,2026-10-07 14:05:00,台灣第一筷 316不鏽鋼寶筷5雙組
10024935,日用/紙品,3900000000,洗衣精/粉,3900400000,2026-10-07 14:06:08,Persil 三合一洗衣球180顆
10537628,個人清潔,4500000000,洗髮精/潤護髮,4500500000,2026-10-07 14:06:01,ROOTON 豐盈洗髮超值3件組
10686820,保健/醫療,1200000000,葉黃素,1205600000,2026-10-07 14:03:51,LAC利維喜 專利葉黃素枸杞6瓶組
10892237,內衣,1400000000,女內著,1403100000,2026-10-07 14:08:12,I.RISS 伊莉絲 下殺180/件★萊卡無痕美胸內衣-多款選
10894689,寵物,4700000000,貓罐頭/鮮食,4701000000,2026-10-07 14:04:22,聖萊西 銀貓罐170g*24入
10958352,品牌旗艦,,舒潔,2131500000,2026-10-07 14:06:38,好奇 小森林尿布 (好眠褲/好動褲/黏貼型)
11691199,食品飲料,2000000000,休閒零食,2001200000,2026-10-07 14:04:17,Airwaves 超涼無糖口香糖 62g*10入
12270439,品牌旗艦,,輝葉,2123800000,2026-10-07 14:05:20,輝葉良品 天胡一號 電動麻將桌HYG-W01_摺疊款全配版
12566431,寵物,4700000000,貓砂/便盆/尿布墊,4700100000,2026-10-07 14:07:51,DR.ELSEY’S 礦砂40磅*3入
12576226,餐廚用品,1700000000,保鮮盒/便當盒,1705000000,2026-10-07 14:03:32,mo select 可微波密封不鏽鋼保鮮盒5件組
12771029,生鮮,4400000000,生鮮肉品,4400500000,2026-10-07 14:04:26,大成 雞豬超值20入組
12941511,食品飲料,2000000000,飲料,2000300000,2026-10-07 14:07:17,誠漢 有機黑木耳露350mlx40入
13055040,品牌旗艦,,Nestle雀巢,2155900000,2026-10-07 14:06:13,KLIM 克寧 UCII靈活高鈣奶粉750gx2罐
13388113,品牌旗艦,,DR.WU達爾膚,2138400000,2026-10-07 14:04:13,DR.WU 玻尿酸保濕精華液重量版
13428312,品牌旗艦,,桂格/天地合補,2127400000,2026-10-07 14:06:47,桂格 燕麥高蛋白雙纖高鈣燕麥奶1000g×2罐
13562715,品牌旗艦,,補體素,2199200000,2026-10-07 14:07:40,補體素 優蛋白EX原味即飲237mlx24罐
13695725,彩妝保養,1100000000,專櫃品牌,1114700000,2026-10-07 14:08:07,雅詩蘭黛 日夜年輕膠原精選組
13780222,品牌旗艦,,Roborock 石頭科技,2161300000,2026-10-07 14:05:50,石頭科技 Q8掃拖機器人
13786652,家電,2900000000,料理電器,2902200000,2026-10-07 14:04:10,飛利浦 星視界透視海星氣炸鍋
13814755,精品/飾品,3100000000,黃金/金飾,3100700000,2026-10-07 14:05:04,GJS 金敬順黃金串飾 許願瓶 多選款(金重:0.03-0.04錢) GJS 金敬順黃金串飾 許願瓶 多選款(金重:0.03-0.04錢)
13831720,鞋包箱,1500000000,NIKE,1502000000,2026-10-07 14:05:57,NIKE 耐吉 AIR JORDAN 1 LOW 休閒鞋 AJ1 喬丹 (多款任選)
14037867,品牌旗艦,,Roborock 石頭科技,2161300000,2026-10-07 14:03:47,石頭科技 F25 Lite Combo多合一全能吸塵洗地機
14038302,個人清潔,4500000000,手工皂/香皂,4501200000,2026-10-07 14:04:34,Medimix 美肌皂30入
14204771,寵物,4700000000,狗飼料/乾糧,4700200000,2026-10-07 14:07:05,Orijen 無穀鮮肉貓糧5.4kg
14269462,家電,2900000000,清淨機,2902000000,2026-10-07 14:07:56,奇美 淨方白雙入組HEPA微濾淨清淨機
14439299,品牌旗艦,,PAULA'S CHOICE 寶拉珍選,2174700000,2026-10-07 14:06:34,寶拉珍選 水果身體乳組
14571765,家電,2900000000,電玩遊戲,2900100000,2026-10-07 14:06:56,任天堂 Switch2+寶可夢ZA
14614874,食品飲料,2000000000,罐頭/食材/烘焙,2002500000,2026-10-07 14:05:24,義美生機 奇亞籽4袋
14634186,手機/相機,1900000000,智慧型手機,1912900000,2026-10-07 14:05:28,Google 10 Pro XL 512G
14640371,票券,3800000000,美食餐券,3801800000,2026-10-07 14:04:47,台北喜來登大飯店 下午茶吃到飽
14791054,食品飲料,2000000000,茶葉/茶包,2001900000,2026-10-07 14:04:57,天仁茗茶 台灣茗賞烏龍茶葉600g/罐
14917015,保健/醫療,1200000000,美妍/調理,1200600000,2026-10-07 14:06:21,好好生醫 燕窩酸益生菌 白晝光？8入組 30包
14917576,母嬰玩具,2700000000,嬰幼兒浴盆/便器,2704300000,2026-10-07 14:04:44,妙妙熊 平紋棉柔巾16盒
14928146,品牌旗艦,,SHARP夏普,2139100000,2026-10-07 14:04:06,夏普 457L左右開五門一級冰箱
14966918,彩妝保養,1100000000,擴香/蠟燭,1108300000,2026-10-07 14:05:45,HETRAS 首席擴香2入x2組
15034343,修繕園藝,5200000000,衛浴設備,5200100000,2026-10-07 14:06:17,TOTO 溫控恆溫水龍頭(日本製)
15038722,品牌旗艦,,ASUS 華碩,2104300000,2026-10-07 14:05:37,ASUS Core 9 十四核文書★高效多工首選
15055327,女時尚,1300000000,女鞋,1311900000,2026-10-07 14:05:07,NEW BALANCE GORE-TEX_防水鞋/慢跑鞋
15230014,品牌旗艦,,Roborock 石頭科技,2161300000,2026-10-07 14:07:44,石頭科技 F25 RT GEN 2小白鯊零纏繞洗地機
15271389,品牌旗艦,,舒潔,2131500000,2026-10-07 14:06:26,舒潔 棉柔厚韌三層110抽x30包x2箱
15381747,品牌旗艦,,ASUS 華碩,2104300000,2026-10-07 14:07:00,華碩 14吋Core 7輕薄筆電
15397898,家電,2900000000,掃地機,2902800000,2026-10-07 14:05:17,追覓科技 L30s Ultra Heat 仿生全能掃地機
15477277,品牌旗艦,,LOREAL巴黎萊雅,2122300000,2026-10-07 14:05:33,巴黎萊雅 紫熨斗撫紋眼霜2入
15520609,傢飾寢具,4800000000,床包/床罩,4800100000,2026-10-07 14:04:53,東妮寢飾 100%精梳棉兩用被床包枕套組
15528754,彩妝保養,1100000000,醫美保養品牌,1118600000,2026-10-07 14:03:54,修麗可 P-TIOX抗皺逆時無痕霜
15535333,品牌旗艦,,Roborock 石頭科技,2161300000,2026-10-07 14:07:47,石頭科技 Qrevo 2 Pro掃拖機器人
15563601,票券,3800000000,美食餐券,3801800000,2026-10-07 14:07:30,海霸王 懷念料理極品十人桌菜
15577786,手機/相機,1900000000,iPad,1908900000,2026-10-07 14:08:27,Apple 2025 iPad Air M3晶片/11吋/WiFi/256G
15626531,女時尚,1300000000,女裝,1306500000,2026-10-07 14:07:59,銀穗 休閒對稱切接寬管長褲(任選)
15631650,女時尚,1300000000,女鞋,1311900000,2026-10-07 14:08:03,Normady諾曼第 MIT手工真皮能量磁石豆豆樂福鞋/休閒鞋(多款任選)
15632484,保健/醫療,1200000000,機能保健,1200500000,2026-10-07 14:08:24,m2 美度 超能膠原飲/晚安飲任選八盒組(8入/盒)
15653474,保健/醫療,1200000000,美妍/調理,1200600000,2026-10-07 14:04:02,日本味王 粉潤對策膠囊20粒/盒(共3盒)
15676091,家電,2900000000,液晶電視,2900900000,2026-10-07 14:03:58,小米 75型MiniLED智慧TV
15728392,手機/相機,1900000000,智慧型手機,1912900000,2026-10-07 14:05:12,POCO POCO C85 (6G/128G)
15746521,彩妝保養,1100000000,臉部保養,1111700000,2026-10-07 14:03:37,未來美 PDRN面膜獨家100片組
